{
  "config": {
    "iterations": 200,
    "warmup": 20,
    "dim": 2048,
    "num_groups": 512
  },
  "stats": {
    "mojo_sim": {
      "mean_ms": 13.55981629,
      "std_ms": 1.4288660138455989,
      "cv": 0.10537502745515433,
      "min_ms": 11.355154,
      "max_ms": 19.6117,
      "jitter_ms": 8.256545999999998,
      "p50_ms": 13.410828,
      "p95_ms": 16.338931,
      "p99_ms": 19.373557
    },
    "python_gc": {
      "mean_ms": 12.997261504999999,
      "std_ms": 1.038732713193288,
      "cv": 0.07991935168756059,
      "min_ms": 11.235167,
      "max_ms": 16.099804,
      "jitter_ms": 4.864636999999998,
      "p50_ms": 13.169253,
      "p95_ms": 14.64602,
      "p99_ms": 16.004091
    },
    "python_stress": {
      "mean_ms": 14.79327012,
      "std_ms": 1.7384416582992155,
      "cv": 0.11751571114414393,
      "min_ms": 12.247971,
      "max_ms": 21.839042,
      "jitter_ms": 9.591071,
      "p50_ms": 14.581517,
      "p95_ms": 18.507976,
      "p99_ms": 21.469169
    }
  },
  "raw_latencies": {
    "mojo_sim": [
      13.392152,
      14.274004,
      14.153508,
      14.057927,
      14.386876,
      13.766203,
      13.175413,
      15.847176,
      13.160508,
      12.711774,
      14.324069,
      13.280853,
      13.790044,
      13.033656,
      12.395473,
      14.010471,
      19.296466,
      14.560922,
      14.78965,
      19.373557,
      14.84102,
      15.316557,
      14.550665,
      13.804874,
      13.466493,
      14.162669,
      12.517643,
      12.234804,
      13.876978,
      12.402575,
      12.050911,
      13.933645,
      13.29734,
      12.892019,
      12.725502,
      12.331653,
      12.439022,
      12.058072,
      12.871162,
      17.212748,
      14.446244,
      13.537987,
      12.812781,
      12.43222,
      13.187505,
      12.135068,
      12.466773,
      12.777669,
      12.127109,
      12.295851,
      11.908672,
      11.946432,
      11.986508,
      11.423975,
      11.754101,
      13.521842,
      11.972234,
      13.141235,
      15.222483,
      13.663142,
      13.746856,
      14.617112,
      13.47996,
      13.388215,
      14.546528,
      11.703342,
      11.721553,
      14.797279,
      11.404695,
      12.083112,
      13.86576,
      11.942426,
      13.041044,
      12.657151,
      12.137892,
      12.680664,
      12.254037,
      16.4309,
      16.338931,
      14.84217,
      13.323519,
      13.631426,
      17.521603,
      16.744952,
      13.680611,
      14.298857,
      12.177011,
      11.868903,
      13.271887,
      13.962846,
      11.793886,
      14.478664,
      14.139485,
      12.949716,
      13.774496,
      14.318699,
      13.834005,
      14.623105,
      13.96351,
      13.557107,
      14.613478,
      13.410828,
      13.600052,
      14.646068,
      13.302659,
      13.306199,
      13.656899,
      16.17396,
      14.268956,
      14.1194,
      12.558103,
      13.446292,
      13.522067,
      14.557309,
      13.538293,
      14.491258,
      13.340333,
      13.274444,
      13.031738,
      11.355154,
      11.909023,
      13.185726,
      12.540908,
      13.263265,
      12.428767,
      12.463408,
      11.601022,
      19.6117,
      15.977303,
      14.647876,
      15.265876,
      16.109158,
      16.79111,
      15.521887,
      13.814097,
      13.268913,
      14.232612,
      14.345838,
      15.85919,
      13.926404,
      12.890373,
      11.992161,
      12.666481,
      14.119337,
      12.40055,
      12.709261,
      12.435569,
      11.920418,
      12.438928,
      13.509749,
      13.70913,
      14.674384,
      13.462152,
      13.348295,
      14.655671,
      13.487876,
      12.916299,
      12.149823,
      12.851515,
      12.08536,
      12.801461,
      12.442725,
      11.848786,
      11.782645,
      13.275186,
      11.719321,
      13.933312,
      12.771616,
      12.976122,
      14.639872,
      13.72083,
      13.986385,
      14.623015,
      13.451363,
      13.696978,
      13.661882,
      14.30249,
      13.969854,
      14.060096,
      13.735627,
      12.97277,
      17.646497,
      12.868463,
      12.476585,
      12.870735,
      11.718774,
      12.817223,
      15.881152,
      14.000341,
      13.915825,
      14.03304,
      12.102166,
      11.610545,
      12.118721,
      11.947407,
      13.045345,
      15.071575,
      12.828848,
      13.227006,
      12.888969
    ],
    "python_gc": [
      12.886725,
      13.669709,
      13.480602,
      12.750145,
      13.73592,
      14.003104,
      14.492633,
      13.423578,
      13.448001,
      13.692874,
      11.833631,
      12.733455,
      11.481483,
      11.386727,
      14.657853,
      12.592367,
      12.965826,
      12.109515,
      11.363007,
      12.530079,
      11.593539,
      11.468742,
      13.169253,
      11.595036,
      15.23593,
      13.690238,
      14.180026,
      13.920448,
      13.436039,
      14.64602,
      13.846144,
      13.404006,
      13.68908,
      13.366028,
      13.812931,
      13.131621,
      11.669755,
      13.806895,
      12.295489,
      11.382968,
      12.528221,
      12.12975,
      12.304389,
      14.988349,
      13.71391,
      14.469254,
      13.416777,
      13.694509,
      13.423791,
      12.309204,
      11.644011,
      11.901753,
      12.831319,
      13.794891,
      12.361555,
      13.079788,
      11.574619,
      11.650367,
      12.284025,
      12.054673,
      12.972361,
      12.478521,
      13.598635,
      14.237935,
      13.442829,
      13.732852,
      14.260463,
      13.57172,
      13.755012,
      13.406113,
      12.927006,
      11.998441,
      12.091376,
      12.082621,
      11.680016,
      12.267166,
      14.673468,
      12.534798,
      12.719652,
      11.46508,
      11.728138,
      12.970496,
      15.45581,
      13.964654,
      13.603209,
      13.314926,
      12.168906,
      11.523034,
      11.79309,
      11.621694,
      11.343135,
      11.537824,
      14.367622,
      14.842736,
      13.698334,
      13.509275,
      13.758777,
      13.262701,
      11.550196,
      13.774233,
      13.037305,
      14.321118,
      13.708395,
      13.72151,
      13.889228,
      13.458579,
      13.820452,
      13.583914,
      13.700535,
      13.824138,
      13.165354,
      12.28775,
      11.678808,
      12.255677,
      12.899465,
      11.6534,
      11.747808,
      13.436649,
      13.80945,
      12.744969,
      14.624831,
      13.530862,
      13.757924,
      13.626161,
      13.800489,
      12.986363,
      11.661421,
      11.796968,
      15.104884,
      13.394613,
      13.733026,
      12.41396,
      12.697327,
      11.557242,
      13.957171,
      13.092854,
      11.649861,
      14.191883,
      13.728449,
      13.776084,
      13.748985,
      13.828897,
      13.672336,
      12.874376,
      12.323827,
      12.859725,
      12.741702,
      11.677584,
      12.459903,
      11.829447,
      11.977402,
      11.609665,
      11.765923,
      14.092511,
      11.991925,
      11.738722,
      11.261118,
      11.701439,
      11.852188,
      16.099804,
      13.829309,
      13.452415,
      13.24593,
      11.876119,
      13.957672,
      12.141276,
      12.273286,
      11.235167,
      12.724822,
      14.593629,
      11.498852,
      11.917198,
      11.38428,
      11.544117,
      12.739039,
      11.463894,
      11.549477,
      13.497946,
      12.673811,
      16.004091,
      13.614525,
      14.061278,
      13.388219,
      12.030989,
      12.214016,
      14.234403,
      13.83083,
      13.664048,
      13.45578,
      13.920338,
      13.4683,
      13.697276,
      13.498416,
      13.40794,
      13.462602,
      11.820381,
      12.49998,
      14.15992,
      13.342376,
      13.726566
    ],